ts	datei	sha256	identifier	bitNode	lauf	totalPlaytime	anlass	bytes	primaer	spiegel
2026-09-24T14:41:58.257Z	LIVE_197f4d61481686_BN1L2_2026-09-24T16-41_pre-install.json.gz	1cba4c4d99965e06e0e72f63cde4745489df085e02bd4ee8013ea0f7bc9028f1	197f4d61481686	1	2	3103611000	pre-install	970019	C:\Users\erche\bitburner-backups\LIVE_197f4d61481686_BN1L2_2026-09-24T16-41_pre-install.json.gz	C:\Users\erche\Desktop\claude_projecto\bitburner\backups\LIVE_197f4d61481686_BN1L2_2026-09-24T16-41_pre-install.json.gz
2026-09-24T15:14:58.482Z	LIVE_197f4d61481686_BN1L2_2026-09-24T17-14_hourly.json.gz	d8e25415964c04a7b716f3cd3558585939e0b11c1f56eb55a50f29d1fb7d017e	197f4d61481686	1	2	3105591200	hourly	1012509	C:\Users\erche\bitburner-backups\LIVE_197f4d61481686_BN1L2_2026-09-24T17-14_hourly.json.gz	C:\Users\erche\Desktop\claude_projecto\bitburner\backups\LIVE_197f4d61481686_BN1L2_2026-09-24T17-14_hourly.json.gz
2026-09-24T16:14:58.898Z	LIVE_197f4d61481686_BN1L2_2026-09-24T18-14_hourly.json.gz	c77b3121dbc41571b9488e4dbf18e4b848b9646f2832c1c65e0739710cf6fb43	197f4d61481686	1	2	3109191600	hourly	1055595	C:\Users\erche\bitburner-backups\LIVE_197f4d61481686_BN1L2_2026-09-24T18-14_hourly.json.gz	C:\Users\erche\Desktop\claude_projecto\bitburner\backups\LIVE_197f4d61481686_BN1L2_2026-09-24T18-14_hourly.json.gz
2026-09-24T17:14:59.276Z	LIVE_197f4d61481686_BN1L2_2026-09-24T19-14_hourly.json.gz	62d9d89ae5658aa4a763f2b0fb191490d9ef02f18cf8d05942e7534aa7c28cf7	197f4d61481686	1	2	3112792000	hourly	1070776	C:\Users\erche\bitburner-backups\LIVE_197f4d61481686_BN1L2_2026-09-24T19-14_hourly.json.gz	C:\Users\erche\Desktop\claude_projecto\bitburner\backups\LIVE_197f4d61481686_BN1L2_2026-09-24T19-14_hourly.json.gz
2026-09-24T18:08:59.691Z	LIVE_197f4d61481686_BN1L2_2026-09-24T20-08_pre-install.json.gz	925c3864cf35775f07b06c0507067f73c70b02b8ef3e8a897f81e5a1eb070209	197f4d61481686	1	2	3116032400	pre-install	1070274	C:\Users\erche\bitburner-backups\LIVE_197f4d61481686_BN1L2_2026-09-24T20-08_pre-install.json.gz	C:\Users\erche\Desktop\claude_projecto\bitburner\backups\LIVE_197f4d61481686_BN1L2_2026-09-24T20-08_pre-install.json.gz
2026-09-24T18:14:59.738Z	LIVE_197f4d61481686_BN1L2_2026-09-24T20-14_hourly.json.gz	df0547f362184709d754b37b4352418fd18d34dbb5fe4f8411e893d9d612cd9f	197f4d61481686	1	2	3116392400	hourly	817968	C:\Users\erche\bitburner-backups\LIVE_197f4d61481686_BN1L2_2026-09-24T20-14_hourly.json.gz	C:\Users\erche\Desktop\claude_projecto\bitburner\backups\LIVE_197f4d61481686_BN1L2_2026-09-24T20-14_hourly.json.gz
2026-09-24T19:15:00.160Z	LIVE_197f4d61481686_BN1L2_2026-09-24T21-15_hourly.json.gz	4405ad2504c076ceac144242b5236ca701263ee1c0020de92800080421f9cd85	197f4d61481686	1	2	3119992800	hourly	870647	C:\Users\erche\bitburner-backups\LIVE_197f4d61481686_BN1L2_2026-09-24T21-15_hourly.json.gz	C:\Users\erche\Desktop\claude_projecto\bitburner\backups\LIVE_197f4d61481686_BN1L2_2026-09-24T21-15_hourly.json.gz
2026-09-24T19:19:00.202Z	LIVE_197f4d61481686_BN1L2_2026-09-24T21-19_pre-install.json.gz	edb34674b74ab59e321f2d76d8a03833b69c247e559daa5bb19aa6daf184ce81	197f4d61481686	1	2	3120232800	pre-install	870933	C:\Users\erche\bitburner-backups\LIVE_197f4d61481686_BN1L2_2026-09-24T21-19_pre-install.json.gz	C:\Users\erche\Desktop\claude_projecto\bitburner\backups\LIVE_197f4d61481686_BN1L2_2026-09-24T21-19_pre-install.json.gz
2026-09-24T20:44:07.748Z	LIVE_197f4d61481686_BN1L2_2026-09-24T22-44_connect.json.gz	a5cdf0a98c264326214263bc596c80097bbc21bc027eb35b83d7021d157f596a	197f4d61481686	1	2	3125340400	connect	894927	C:\Users\erche\bitburner-backups\LIVE_197f4d61481686_BN1L2_2026-09-24T22-44_connect.json.gz	C:\Users\erche\Desktop\claude_projecto\bitburner\backups\LIVE_197f4d61481686_BN1L2_2026-09-24T22-44_connect.json.gz
2026-09-24T20:45:02.086Z	LIVE_197f4d61481686_BN1L2_2026-09-24T22-45_hourly.json.gz	19fc06df70a743238ee81bd9ada6c5b38fc5e499d0893784f1e95ea1ef4baf30	197f4d61481686	1	2	3125394800	hourly	897860	C:\Users\erche\bitburner-backups\LIVE_197f4d61481686_BN1L2_2026-09-24T22-45_hourly.json.gz	C:\Users\erche\Desktop\claude_projecto\bitburner\backups\LIVE_197f4d61481686_BN1L2_2026-09-24T22-45_hourly.json.gz
2026-09-24T21:13:02.270Z	LIVE_197f4d61481686_BN1L2_2026-09-24T23-13_pre-install.json.gz	f4c96896efbe62c7701ee581dfa0b29077f39d5f12f0dabca7ecd040a5ff8a29	197f4d61481686	1	2	3127075000	pre-install	909131	C:\Users\erche\bitburner-backups\LIVE_197f4d61481686_BN1L2_2026-09-24T23-13_pre-install.json.gz	C:\Users\erche\Desktop\claude_projecto\bitburner\backups\LIVE_197f4d61481686_BN1L2_2026-09-24T23-13_pre-install.json.gz
2026-09-24T21:45:02.578Z	LIVE_197f4d61481686_BN1L2_2026-09-24T23-45_hourly.json.gz	d995686a245b6c8e23bb57a5f54062f0c48a6b152322a4a95b1fcd07ccd66554	197f4d61481686	1	2	3128995400	hourly	847062	C:\Users\erche\bitburner-backups\LIVE_197f4d61481686_BN1L2_2026-09-24T23-45_hourly.json.gz	C:\Users\erche\Desktop\claude_projecto\bitburner\backups\LIVE_197f4d61481686_BN1L2_2026-09-24T23-45_hourly.json.gz
2026-09-24T21:49:02.602Z	LIVE_197f4d61481686_BN1L2_2026-09-24T23-49_pre-install.json.gz	1da7955e122d7dc6b38cf363652f3eb6205e6ee79d5e61cf4a55435f19bdb0c4	197f4d61481686	1	2	3129235200	pre-install	856225	C:\Users\erche\bitburner-backups\LIVE_197f4d61481686_BN1L2_2026-09-24T23-49_pre-install.json.gz	C:\Users\erche\Desktop\claude_projecto\bitburner\backups\LIVE_197f4d61481686_BN1L2_2026-09-24T23-49_pre-install.json.gz
2026-09-24T22:45:03.004Z	LIVE_197f4d61481686_BN1L2_2026-09-25T00-45_hourly.json.gz	c15eefe1b537cc603318cabcdfdf7e7a5655cfe6420018fb1fefea2f0a54dde4	197f4d61481686	1	2	3132595600	hourly	987996	C:\Users\erche\bitburner-backups\LIVE_197f4d61481686_BN1L2_2026-09-25T00-45_hourly.json.gz	C:\Users\erche\Desktop\claude_projecto\bitburner\backups\LIVE_197f4d61481686_BN1L2_2026-09-25T00-45_hourly.json.gz
2026-09-25T06:03:33.784Z	LIVE_197f4d61481686_BN1L2_2026-09-25T08-03_connect.json.gz	2623b98d7185e8b428a16358eb2863f70fb607ad4980dd71dba95a664d4034ee	197f4d61481686	1	2	3158906400	connect	977730	C:\Users\erche\bitburner-backups\LIVE_197f4d61481686_BN1L2_2026-09-25T08-03_connect.json.gz	C:\Users\erche\Desktop\claude_projecto\bitburner\backups\LIVE_197f4d61481686_BN1L2_2026-09-25T08-03_connect.json.gz
2026-09-25T06:04:31.196Z	LIVE_197f4d61481686_BN1L2_2026-09-25T08-04_hourly.json.gz	29ecdb37cac1d00bc166a657b8da0ecf972c48267f0f8c8064f73267748a3abd	197f4d61481686	1	2	3158963800	hourly	1041436	C:\Users\erche\bitburner-backups\LIVE_197f4d61481686_BN1L2_2026-09-25T08-04_hourly.json.gz	C:\Users\erche\Desktop\claude_projecto\bitburner\backups\LIVE_197f4d61481686_BN1L2_2026-09-25T08-04_hourly.json.gz
2026-09-25T06:04:31.452Z	LIVE_197f4d61481686_BN1L2_2026-09-25T08-04_pre-install.json.gz	86753694fa59ed0510ec91b1aacdd419667079328424abe1fd171f4ea9ca9c83	197f4d61481686	1	2	3158964200	pre-install	1041418	C:\Users\erche\bitburner-backups\LIVE_197f4d61481686_BN1L2_2026-09-25T08-04_pre-install.json.gz	C:\Users\erche\Desktop\claude_projecto\bitburner\backups\LIVE_197f4d61481686_BN1L2_2026-09-25T08-04_pre-install.json.gz
2026-09-25T07:04:31.748Z	LIVE_197f4d61481686_BN1L2_2026-09-25T09-04_hourly.json.gz	7183bb5f122eb5f62fc63bb642f1fdd418c7c942435bad55cbdcdd6b97fd248b	197f4d61481686	1	2	3162564400	hourly	970070	C:\Users\erche\bitburner-backups\LIVE_197f4d61481686_BN1L2_2026-09-25T09-04_hourly.json.gz	C:\Users\erche\Desktop\claude_projecto\bitburner\backups\LIVE_197f4d61481686_BN1L2_2026-09-25T09-04_hourly.json.gz
2026-09-25T07:28:31.921Z	LIVE_197f4d61481686_BN1L2_2026-09-25T09-28_pre-install.json.gz	9cc2f49bdbca1cddb7f6ee5718eb5c3fcb03cf1eff4dcd8b657f3a21b9a1e105	197f4d61481686	1	2	3164004600	pre-install	978091	C:\Users\erche\bitburner-backups\LIVE_197f4d61481686_BN1L2_2026-09-25T09-28_pre-install.json.gz	C:\Users\erche\Desktop\claude_projecto\bitburner\backups\LIVE_197f4d61481686_BN1L2_2026-09-25T09-28_pre-install.json.gz
2026-09-25T07:51:32.107Z	LIVE_197f4d61481686_BN1L2_2026-09-25T09-51_pre-install.json.gz	e770654876ab38dbcde3265ef877d1c4236178c185a59551120a3493afa18086	197f4d61481686	1	2	3165384800	pre-install	916575	C:\Users\erche\bitburner-backups\LIVE_197f4d61481686_BN1L2_2026-09-25T09-51_pre-install.json.gz	C:\Users\erche\Desktop\claude_projecto\bitburner\backups\LIVE_197f4d61481686_BN1L2_2026-09-25T09-51_pre-install.json.gz
2026-09-25T08:04:32.190Z	LIVE_197f4d61481686_BN1L2_2026-09-25T10-04_hourly.json.gz	aaacc7478758abb7866537c4573ab489589145264ba657d5a064db0c532e54e1	197f4d61481686	1	2	3166164800	hourly	965415	C:\Users\erche\bitburner-backups\LIVE_197f4d61481686_BN1L2_2026-09-25T10-04_hourly.json.gz	C:\Users\erche\Desktop\claude_projecto\bitburner\backups\LIVE_197f4d61481686_BN1L2_2026-09-25T10-04_hourly.json.gz
2026-09-25T09:04:32.641Z	LIVE_197f4d61481686_BN1L2_2026-09-25T11-04_hourly.json.gz	515078fc50e7f8740781d98a3d16f6ddb949552351080aa58562faf6b0ccf72a	197f4d61481686	1	2	3169765400	hourly	995106	C:\Users\erche\bitburner-backups\LIVE_197f4d61481686_BN1L2_2026-09-25T11-04_hourly.json.gz	C:\Users\erche\Desktop\claude_projecto\bitburner\backups\LIVE_197f4d61481686_BN1L2_2026-09-25T11-04_hourly.json.gz
2026-09-25T09:35:32.872Z	LIVE_197f4d61481686_BN1L2_2026-09-25T11-35_pre-install.json.gz	e0aa45cec26e9133b2c5a9707f4bcf96259127f6d15f41276aeb0b9b9a68304b	197f4d61481686	1	2	3171625600	pre-install	991552	C:\Users\erche\bitburner-backups\LIVE_197f4d61481686_BN1L2_2026-09-25T11-35_pre-install.json.gz	C:\Users\erche\Desktop\claude_projecto\bitburner\backups\LIVE_197f4d61481686_BN1L2_2026-09-25T11-35_pre-install.json.gz
2026-09-25T09:43:32.922Z	LIVE_197f4d61481686_BN1L2_2026-09-25T11-43_pre-install.json.gz	dc6f190c634f4ce46a42024d6a6653e2112918fe4aa0813944eadadc20fa6560	197f4d61481686	1	2	3172105600	pre-install	1013044	C:\Users\erche\bitburner-backups\LIVE_197f4d61481686_BN1L2_2026-09-25T11-43_pre-install.json.gz	C:\Users\erche\Desktop\claude_projecto\bitburner\backups\LIVE_197f4d61481686_BN1L2_2026-09-25T11-43_pre-install.json.gz
2026-09-25T09:55:33.018Z	LIVE_197f4d61481686_BN1L2_2026-09-25T11-55_pre-install.json.gz	74a8c0dfd4eb2d60e4283d4d77425e9c0d5505b99e53b0da457d1f69345dbd1a	197f4d61481686	1	2	3172825600	pre-install	979828	C:\Users\erche\bitburner-backups\LIVE_197f4d61481686_BN1L2_2026-09-25T11-55_pre-install.json.gz	C:\Users\erche\Desktop\claude_projecto\bitburner\backups\LIVE_197f4d61481686_BN1L2_2026-09-25T11-55_pre-install.json.gz
2026-09-25T09:58:33.043Z	LIVE_197f4d61481686_BN1L2_2026-09-25T11-58_pre-jump.json.gz	18822a7a9f454cf216d4cbdf9d92d8ce93a96aafe1f26f9eac2357f1c70586bd	197f4d61481686	1	2	3173005800	pre-jump	967544	C:\Users\erche\bitburner-backups\LIVE_197f4d61481686_BN1L2_2026-09-25T11-58_pre-jump.json.gz	C:\Users\erche\Desktop\claude_projecto\bitburner\backups\LIVE_197f4d61481686_BN1L2_2026-09-25T11-58_pre-jump.json.gz
2026-09-25T10:04:33.102Z	LIVE_197f4d61481686_BN1L3_2026-09-25T12-04_hourly.json.gz	05387f346be06f4b437269edc5a3c49bd4ee60abb02f0cbdd16354f636b3f547	197f4d61481686	1	3	3173365800	hourly	999870	C:\Users\erche\bitburner-backups\LIVE_197f4d61481686_BN1L3_2026-09-25T12-04_hourly.json.gz	C:\Users\erche\Desktop\claude_projecto\bitburner\backups\LIVE_197f4d61481686_BN1L3_2026-09-25T12-04_hourly.json.gz
2026-09-25T11:04:33.566Z	LIVE_197f4d61481686_BN1L3_2026-09-25T13-04_hourly.json.gz	ec2eda25be2751b1fe3f145fef4b2276009f140ce14a2fdb8536a5ffae52d713	197f4d61481686	1	3	3176966200	hourly	1037953	C:\Users\erche\bitburner-backups\LIVE_197f4d61481686_BN1L3_2026-09-25T13-04_hourly.json.gz	C:\Users\erche\Desktop\claude_projecto\bitburner\backups\LIVE_197f4d61481686_BN1L3_2026-09-25T13-04_hourly.json.gz
2026-09-25T11:49:33.911Z	LIVE_197f4d61481686_BN1L3_2026-09-25T13-49_pre-install.json.gz	ebe1fa2d2d27093aa1ebc990757baafdbef427b38672416819e9b5098b77fbac	197f4d61481686	1	3	3179666600	pre-install	1052079	C:\Users\erche\bitburner-backups\LIVE_197f4d61481686_BN1L3_2026-09-25T13-49_pre-install.json.gz	C:\Users\erche\Desktop\claude_projecto\bitburner\backups\LIVE_197f4d61481686_BN1L3_2026-09-25T13-49_pre-install.json.gz
2026-09-25T12:04:34.032Z	LIVE_197f4d61481686_BN1L3_2026-09-25T14-04_hourly.json.gz	6554053f17a26269ccc719c32c071953be5f0da8fb58cda6ac1dfb132a43d31d	197f4d61481686	1	3	3180566800	hourly	839988	C:\Users\erche\bitburner-backups\LIVE_197f4d61481686_BN1L3_2026-09-25T14-04_hourly.json.gz	C:\Users\erche\Desktop\claude_projecto\bitburner\backups\LIVE_197f4d61481686_BN1L3_2026-09-25T14-04_hourly.json.gz
2026-09-25T12:50:34.402Z	LIVE_197f4d61481686_BN1L3_2026-09-25T14-50_pre-install.json.gz	5cb5376a3bf44268f854018bc79e6c68f77acd718c0e4588466088cbb8730306	197f4d61481686	1	3	3183327000	pre-install	899342	C:\Users\erche\bitburner-backups\LIVE_197f4d61481686_BN1L3_2026-09-25T14-50_pre-install.json.gz	C:\Users\erche\Desktop\claude_projecto\bitburner\backups\LIVE_197f4d61481686_BN1L3_2026-09-25T14-50_pre-install.json.gz
2026-09-25T13:04:34.495Z	LIVE_197f4d61481686_BN1L3_2026-09-25T15-04_hourly.json.gz	709ec633173a142c8acd4864fa8bd004dc84a6b2846fc7c0a21106ed7f0fa3d8	197f4d61481686	1	3	3184167200	hourly	838039	C:\Users\erche\bitburner-backups\LIVE_197f4d61481686_BN1L3_2026-09-25T15-04_hourly.json.gz	C:\Users\erche\Desktop\claude_projecto\bitburner\backups\LIVE_197f4d61481686_BN1L3_2026-09-25T15-04_hourly.json.gz
2026-09-25T14:04:35.009Z	LIVE_197f4d61481686_BN1L3_2026-09-25T16-04_hourly.json.gz	898113efccf7b1e41db4997ea39e7bf4061d868855da9dca5886fd377f6d15bc	197f4d61481686	1	3	3187767600	hourly	877408	C:\Users\erche\bitburner-backups\LIVE_197f4d61481686_BN1L3_2026-09-25T16-04_hourly.json.gz	C:\Users\erche\Desktop\claude_projecto\bitburner\backups\LIVE_197f4d61481686_BN1L3_2026-09-25T16-04_hourly.json.gz
2026-09-25T14:37:35.274Z	LIVE_197f4d61481686_BN1L3_2026-09-25T16-37_pre-install.json.gz	92e1da12c42a61cec438f422397e3c9a1668c11f7e2c308d77e1ac2d5d3555b1	197f4d61481686	1	3	3189748000	pre-install	939079	C:\Users\erche\bitburner-backups\LIVE_197f4d61481686_BN1L3_2026-09-25T16-37_pre-install.json.gz	C:\Users\erche\Desktop\claude_projecto\bitburner\backups\LIVE_197f4d61481686_BN1L3_2026-09-25T16-37_pre-install.json.gz
2026-09-25T15:04:35.517Z	LIVE_197f4d61481686_BN1L3_2026-09-25T17-04_hourly.json.gz	cfd74cc9e5b6d868d951391ccb135c614f375c722de6c94dbb98d5a81e5adc1a	197f4d61481686	1	3	3191368200	hourly	918590	C:\Users\erche\bitburner-backups\LIVE_197f4d61481686_BN1L3_2026-09-25T17-04_hourly.json.gz	C:\Users\erche\Desktop\claude_projecto\bitburner\backups\LIVE_197f4d61481686_BN1L3_2026-09-25T17-04_hourly.json.gz
2026-09-25T16:04:35.912Z	LIVE_197f4d61481686_BN1L3_2026-09-25T18-04_hourly.json.gz	5bdcade486c33eac7f55b4786742a8fbd82bb459dd708ac4264444044273c9ce	197f4d61481686	1	3	3194968600	hourly	955415	C:\Users\erche\bitburner-backups\LIVE_197f4d61481686_BN1L3_2026-09-25T18-04_hourly.json.gz	C:\Users\erche\Desktop\claude_projecto\bitburner\backups\LIVE_197f4d61481686_BN1L3_2026-09-25T18-04_hourly.json.gz
2026-09-25T17:00:36.364Z	LIVE_197f4d61481686_BN1L3_2026-09-25T19-00_pre-install.json.gz	5672153960604dfcf29af7d816599be2e5f8827e248c12ac9989c8b8fdada4f5	197f4d61481686	1	3	3198329000	pre-install	952468	C:\Users\erche\bitburner-backups\LIVE_197f4d61481686_BN1L3_2026-09-25T19-00_pre-install.json.gz	C:\Users\erche\Desktop\claude_projecto\bitburner\backups\LIVE_197f4d61481686_BN1L3_2026-09-25T19-00_pre-install.json.gz
2026-09-25T17:04:36.385Z	LIVE_197f4d61481686_BN1L3_2026-09-25T19-04_hourly.json.gz	ea80353b0fea13a267163eba41fd82e5af39ee366cb8f64c7c1fb2e36cd24a85	197f4d61481686	1	3	3198569000	hourly	883653	C:\Users\erche\bitburner-backups\LIVE_197f4d61481686_BN1L3_2026-09-25T19-04_hourly.json.gz	C:\Users\erche\Desktop\claude_projecto\bitburner\backups\LIVE_197f4d61481686_BN1L3_2026-09-25T19-04_hourly.json.gz
2026-09-25T18:04:36.793Z	LIVE_197f4d61481686_BN1L3_2026-09-25T20-04_hourly.json.gz	f58dd467c36966a9cd404216487a9df22da3f985df2352a6291304a2e767fbf8	197f4d61481686	1	3	3202169600	hourly	971734	C:\Users\erche\bitburner-backups\LIVE_197f4d61481686_BN1L3_2026-09-25T20-04_hourly.json.gz	C:\Users\erche\Desktop\claude_projecto\bitburner\backups\LIVE_197f4d61481686_BN1L3_2026-09-25T20-04_hourly.json.gz
2026-09-25T18:36:37.019Z	LIVE_197f4d61481686_BN1L3_2026-09-25T20-36_pre-install.json.gz	6bd5dd3761a8a8fb0c9ac8e260715fbfa93a3f7c61aeeb57c4498f15b6d02274	197f4d61481686	1	3	3204089600	pre-install	1008557	C:\Users\erche\bitburner-backups\LIVE_197f4d61481686_BN1L3_2026-09-25T20-36_pre-install.json.gz	C:\Users\erche\Desktop\claude_projecto\bitburner\backups\LIVE_197f4d61481686_BN1L3_2026-09-25T20-36_pre-install.json.gz
2026-09-25T19:04:37.213Z	LIVE_197f4d61481686_BN1L3_2026-09-25T21-04_hourly.json.gz	eb9a9b425c8a903343f8c9e4f043d5441123b4563f9d8f3a0d1e06efc04da3eb	197f4d61481686	1	3	3205769800	hourly	897961	C:\Users\erche\bitburner-backups\LIVE_197f4d61481686_BN1L3_2026-09-25T21-04_hourly.json.gz	C:\Users\erche\Desktop\claude_projecto\bitburner\backups\LIVE_197f4d61481686_BN1L3_2026-09-25T21-04_hourly.json.gz
2026-09-25T19:34:37.509Z	LIVE_197f4d61481686_BN1L3_2026-09-25T21-34_pre-install.json.gz	30c5baec38d46b8e9021c36b08263417460d4fd1af1f65ef01f1a8e2efe7a8a5	197f4d61481686	1	3	3207570200	pre-install	952076	C:\Users\erche\bitburner-backups\LIVE_197f4d61481686_BN1L3_2026-09-25T21-34_pre-install.json.gz	C:\Users\erche\Desktop\claude_projecto\bitburner\backups\LIVE_197f4d61481686_BN1L3_2026-09-25T21-34_pre-install.json.gz
2026-09-25T19:54:37.796Z	LIVE_197f4d61481686_BN1L3_2026-09-25T21-54_pre-install.json.gz	189461fa0c71626f0cdd52f321cd48466fbc5ef61e1c510dcfb5f8da428a901f	197f4d61481686	1	3	3208770400	pre-install	891048	C:\Users\erche\bitburner-backups\LIVE_197f4d61481686_BN1L3_2026-09-25T21-54_pre-install.json.gz	C:\Users\erche\Desktop\claude_projecto\bitburner\backups\LIVE_197f4d61481686_BN1L3_2026-09-25T21-54_pre-install.json.gz
2026-09-25T20:04:37.661Z	LIVE_197f4d61481686_BN1L3_2026-09-25T22-04_hourly.json.gz	c543e08609d69314a143757d29dba8da2fbdb30665cd288e54eb82e4cf277390	197f4d61481686	1	3	3209370400	hourly	888037	C:\Users\erche\bitburner-backups\LIVE_197f4d61481686_BN1L3_2026-09-25T22-04_hourly.json.gz	C:\Users\erche\Desktop\claude_projecto\bitburner\backups\LIVE_197f4d61481686_BN1L3_2026-09-25T22-04_hourly.json.gz
2026-09-25T20:13:37.736Z	LIVE_197f4d61481686_BN1L3_2026-09-25T22-13_pre-install.json.gz	8dbb271c7b7889af69277b5f5464f73e960d42c366f8e33b697aca227a870135	197f4d61481686	1	3	3209910400	pre-install	907615	C:\Users\erche\bitburner-backups\LIVE_197f4d61481686_BN1L3_2026-09-25T22-13_pre-install.json.gz	C:\Users\erche\Desktop\claude_projecto\bitburner\backups\LIVE_197f4d61481686_BN1L3_2026-09-25T22-13_pre-install.json.gz
2026-09-25T21:04:38.122Z	LIVE_197f4d61481686_BN1L3_2026-09-25T23-04_hourly.json.gz	e5684076f212f6764d9cd212f70530ea7f2639aa888b90d96339f33d88518071	197f4d61481686	1	3	3212970800	hourly	999794	C:\Users\erche\bitburner-backups\LIVE_197f4d61481686_BN1L3_2026-09-25T23-04_hourly.json.gz	C:\Users\erche\Desktop\claude_projecto\bitburner\backups\LIVE_197f4d61481686_BN1L3_2026-09-25T23-04_hourly.json.gz
2026-09-25T22:04:38.683Z	LIVE_197f4d61481686_BN1L3_2026-09-26T00-04_hourly.json.gz	c10a58b09da42932d04996bb7514b811789de5022e9b7aeff56c799039fb57d4	197f4d61481686	1	3	3216571400	hourly	996791	C:\Users\erche\bitburner-backups\LIVE_197f4d61481686_BN1L3_2026-09-26T00-04_hourly.json.gz	C:\Users\erche\Desktop\claude_projecto\bitburner\backups\LIVE_197f4d61481686_BN1L3_2026-09-26T00-04_hourly.json.gz
2026-09-25T22:15:38.720Z	LIVE_197f4d61481686_BN1L3_2026-09-26T00-15_pre-install.json.gz	8f032dacf1e6f80d84536af763858f25f3b86f6d7b94b19ca6ea531ac9a3cdba	197f4d61481686	1	3	3217231400	pre-install	997905	C:\Users\erche\bitburner-backups\LIVE_197f4d61481686_BN1L3_2026-09-26T00-15_pre-install.json.gz	C:\Users\erche\Desktop\claude_projecto\bitburner\backups\LIVE_197f4d61481686_BN1L3_2026-09-26T00-15_pre-install.json.gz
2026-09-25T22:23:38.795Z	LIVE_197f4d61481686_BN1L3_2026-09-26T00-23_pre-install.json.gz	a6b7caa6cbd367a38e7ddc72c30abb48871e7ad6894461de2149e06452336825	197f4d61481686	1	3	3217711400	pre-install	955975	C:\Users\erche\bitburner-backups\LIVE_197f4d61481686_BN1L3_2026-09-26T00-23_pre-install.json.gz	C:\Users\erche\Desktop\claude_projecto\bitburner\backups\LIVE_197f4d61481686_BN1L3_2026-09-26T00-23_pre-install.json.gz
2026-09-25T22:36:38.897Z	LIVE_197f4d61481686_BN1L3_2026-09-26T00-36_pre-install.json.gz	ee25f63ab6fcd19ee35f1261ed5d169b6b98ffd57707937475b1325dda535344	197f4d61481686	1	3	3218491600	pre-install	930392	C:\Users\erche\bitburner-backups\LIVE_197f4d61481686_BN1L3_2026-09-26T00-36_pre-install.json.gz	C:\Users\erche\Desktop\claude_projecto\bitburner\backups\LIVE_197f4d61481686_BN1L3_2026-09-26T00-36_pre-install.json.gz
2026-09-25T22:39:38.910Z	LIVE_197f4d61481686_BN1L3_2026-09-26T00-39_pre-jump.json.gz	a836c8e7930bd614626662acaab2a6d6ce9732761165367c73ea32c52c6f50b5	197f4d61481686	1	3	3218671600	pre-jump	1018536	C:\Users\erche\bitburner-backups\LIVE_197f4d61481686_BN1L3_2026-09-26T00-39_pre-jump.json.gz	C:\Users\erche\Desktop\claude_projecto\bitburner\backups\LIVE_197f4d61481686_BN1L3_2026-09-26T00-39_pre-jump.json.gz
2026-09-25T23:04:39.220Z	LIVE_197f4d61481686_BN5L2_2026-09-26T01-04_hourly.json.gz	a705179d6be2c05dddca15a000ce560ba0ad180b3702ba94e73644cc38116e44	197f4d61481686	5	2	3220172000	hourly	967501	C:\Users\erche\bitburner-backups\LIVE_197f4d61481686_BN5L2_2026-09-26T01-04_hourly.json.gz	C:\Users\erche\Desktop\claude_projecto\bitburner\backups\LIVE_197f4d61481686_BN5L2_2026-09-26T01-04_hourly.json.gz
2026-09-25T23:45:39.447Z	LIVE_197f4d61481686_BN5L2_2026-09-26T01-45_pre-install.json.gz	55118b187a2d29064af0a17a6c9846b6212d15978f96006af1195c646acc7d1f	197f4d61481686	5	2	3222632200	pre-install	984577	C:\Users\erche\bitburner-backups\LIVE_197f4d61481686_BN5L2_2026-09-26T01-45_pre-install.json.gz	C:\Users\erche\Desktop\claude_projecto\bitburner\backups\LIVE_197f4d61481686_BN5L2_2026-09-26T01-45_pre-install.json.gz
2026-09-26T00:04:39.615Z	LIVE_197f4d61481686_BN5L2_2026-09-26T02-04_hourly.json.gz	e09d8cade098ee8fb350226fc2b8eed4e2319d9a49a767a6eba8059b80c24ddf	197f4d61481686	5	2	3223772400	hourly	1001788	C:\Users\erche\bitburner-backups\LIVE_197f4d61481686_BN5L2_2026-09-26T02-04_hourly.json.gz	C:\Users\erche\Desktop\claude_projecto\bitburner\backups\LIVE_197f4d61481686_BN5L2_2026-09-26T02-04_hourly.json.gz
2026-09-26T01:04:40.079Z	LIVE_197f4d61481686_BN5L2_2026-09-26T03-04_hourly.json.gz	bd96189746c9a20c1daded129278042a6d333c02681d2e14772fc909abf6322d	197f4d61481686	5	2	3227372600	hourly	1038149	C:\Users\erche\bitburner-backups\LIVE_197f4d61481686_BN5L2_2026-09-26T03-04_hourly.json.gz	C:\Users\erche\Desktop\claude_projecto\bitburner\backups\LIVE_197f4d61481686_BN5L2_2026-09-26T03-04_hourly.json.gz
2026-09-26T02:04:40.550Z	LIVE_197f4d61481686_BN5L2_2026-09-26T04-04_hourly.json.gz	16945340533fec415a75fe8e41b2f8a89b2f029551a5002e2fe629e30475f4c6	197f4d61481686	5	2	3230973200	hourly	1049372	C:\Users\erche\bitburner-backups\LIVE_197f4d61481686_BN5L2_2026-09-26T04-04_hourly.json.gz	C:\Users\erche\Desktop\claude_projecto\bitburner\backups\LIVE_197f4d61481686_BN5L2_2026-09-26T04-04_hourly.json.gz
2026-09-26T02:48:40.761Z	LIVE_197f4d61481686_BN5L2_2026-09-26T04-48_pre-install.json.gz	49678c9af5e4729adf0afb1492911d686cf5a66f6592c1c3233ce04289a5ddce	197f4d61481686	5	2	3233613400	pre-install	1050019	C:\Users\erche\bitburner-backups\LIVE_197f4d61481686_BN5L2_2026-09-26T04-48_pre-install.json.gz	C:\Users\erche\Desktop\claude_projecto\bitburner\backups\LIVE_197f4d61481686_BN5L2_2026-09-26T04-48_pre-install.json.gz
2026-09-26T03:04:41.060Z	LIVE_197f4d61481686_BN5L2_2026-09-26T05-04_hourly.json.gz	8f7d1ca2f532d060e105eac57aab76176a120299c3c89df02fe0f896af9034a8	197f4d61481686	5	2	3234573800	hourly	830679	C:\Users\erche\bitburner-backups\LIVE_197f4d61481686_BN5L2_2026-09-26T05-04_hourly.json.gz	C:\Users\erche\Desktop\claude_projecto\bitburner\backups\LIVE_197f4d61481686_BN5L2_2026-09-26T05-04_hourly.json.gz
2026-09-26T04:04:41.538Z	LIVE_197f4d61481686_BN5L2_2026-09-26T06-04_hourly.json.gz	1206bc397c8f2d248914a49a5915af0dd02de72cfa6985db5f5ca250473413c7	197f4d61481686	5	2	3238174200	hourly	860174	C:\Users\erche\bitburner-backups\LIVE_197f4d61481686_BN5L2_2026-09-26T06-04_hourly.json.gz	C:\Users\erche\Desktop\claude_projecto\bitburner\backups\LIVE_197f4d61481686_BN5L2_2026-09-26T06-04_hourly.json.gz
2026-09-26T05:04:41.989Z	LIVE_197f4d61481686_BN5L2_2026-09-26T07-04_hourly.json.gz	90c5e69e5d0ec2f4f2511f35903dcccb94db7541bbdb793468af574c6bacf818	197f4d61481686	5	2	3241774600	hourly	861405	C:\Users\erche\bitburner-backups\LIVE_197f4d61481686_BN5L2_2026-09-26T07-04_hourly.json.gz	C:\Users\erche\Desktop\claude_projecto\bitburner\backups\LIVE_197f4d61481686_BN5L2_2026-09-26T07-04_hourly.json.gz
2026-09-26T05:10:41.860Z	LIVE_197f4d61481686_BN5L2_2026-09-26T07-10_pre-install.json.gz	55bec015534f5d127e7e5e1851b74f951bac8ab30a00f9bb36a7d358099f5903	197f4d61481686	5	2	3242134600	pre-install	856899	C:\Users\erche\bitburner-backups\LIVE_197f4d61481686_BN5L2_2026-09-26T07-10_pre-install.json.gz	C:\Users\erche\Desktop\claude_projecto\bitburner\backups\LIVE_197f4d61481686_BN5L2_2026-09-26T07-10_pre-install.json.gz
2026-09-26T06:04:42.428Z	LIVE_197f4d61481686_BN5L2_2026-09-26T08-04_hourly.json.gz	db1cf68eebad8af44d3050ace900a2fceff0d2f3317a179ef3b9fb3b35454890	197f4d61481686	5	2	3245375000	hourly	869785	C:\Users\erche\bitburner-backups\LIVE_197f4d61481686_BN5L2_2026-09-26T08-04_hourly.json.gz	C:\Users\erche\Desktop\claude_projecto\bitburner\backups\LIVE_197f4d61481686_BN5L2_2026-09-26T08-04_hourly.json.gz
2026-09-26T07:04:42.834Z	LIVE_197f4d61481686_BN5L2_2026-09-26T09-04_hourly.json.gz	9f8e6978a82d165aaa6ddcd333ba4aecd6bc91d1a14e4d4a93f3295bd11652b6	197f4d61481686	5	2	3248975600	hourly	862917	C:\Users\erche\bitburner-backups\LIVE_197f4d61481686_BN5L2_2026-09-26T09-04_hourly.json.gz	C:\Users\erche\Desktop\claude_projecto\bitburner\backups\LIVE_197f4d61481686_BN5L2_2026-09-26T09-04_hourly.json.gz
2026-09-26T07:14:42.868Z	LIVE_197f4d61481686_BN5L2_2026-09-26T09-14_pre-install.json.gz	2f9c1537ee94d3a1939cccbf793efc691980c028e698ce15704bf08a6e812e37	197f4d61481686	5	2	3249575600	pre-install	866360	C:\Users\erche\bitburner-backups\LIVE_197f4d61481686_BN5L2_2026-09-26T09-14_pre-install.json.gz	C:\Users\erche\Desktop\claude_projecto\bitburner\backups\LIVE_197f4d61481686_BN5L2_2026-09-26T09-14_pre-install.json.gz
2026-09-26T08:01:43.193Z	LIVE_197f4d61481686_BN5L2_2026-09-26T10-01_pre-install.json.gz	7e2ec87de6db87b54109f1913cfa71fdcfa32bf77ff7e51cdc4c74674a7df462	197f4d61481686	5	2	3252395800	pre-install	867239	C:\Users\erche\bitburner-backups\LIVE_197f4d61481686_BN5L2_2026-09-26T10-01_pre-install.json.gz	C:\Users\erche\Desktop\claude_projecto\bitburner\backups\LIVE_197f4d61481686_BN5L2_2026-09-26T10-01_pre-install.json.gz
2026-09-26T08:04:43.328Z	LIVE_197f4d61481686_BN5L2_2026-09-26T10-04_hourly.json.gz	ec36e1a35e9a51abeee6a361a2befea09d08ce7130cc661c1b68be2f7617623a	197f4d61481686	5	2	3252576000	hourly	873683	C:\Users\erche\bitburner-backups\LIVE_197f4d61481686_BN5L2_2026-09-26T10-04_hourly.json.gz	C:\Users\erche\Desktop\claude_projecto\bitburner\backups\LIVE_197f4d61481686_BN5L2_2026-09-26T10-04_hourly.json.gz
2026-09-26T09:04:43.731Z	LIVE_197f4d61481686_BN5L2_2026-09-26T11-04_hourly.json.gz	44dd246d57c0ff5d2d1b2d9e087c6521d9c16a67fe181944850f82687f9f19f0	197f4d61481686	5	2	3256176400	hourly	912495	C:\Users\erche\bitburner-backups\LIVE_197f4d61481686_BN5L2_2026-09-26T11-04_hourly.json.gz	C:\Users\erche\Desktop\claude_projecto\bitburner\backups\LIVE_197f4d61481686_BN5L2_2026-09-26T11-04_hourly.json.gz
2026-09-26T10:04:44.191Z	LIVE_197f4d61481686_BN5L2_2026-09-26T12-04_hourly.json.gz	df774708f8c844f3ef3a85e0084423fcbd7235148a70b10c4818dbd6056b0991	197f4d61481686	5	2	3259776800	hourly	914719	C:\Users\erche\bitburner-backups\LIVE_197f4d61481686_BN5L2_2026-09-26T12-04_hourly.json.gz	C:\Users\erche\Desktop\claude_projecto\bitburner\backups\LIVE_197f4d61481686_BN5L2_2026-09-26T12-04_hourly.json.gz
2026-09-26T10:53:44.530Z	LIVE_197f4d61481686_BN5L2_2026-09-26T12-53_pre-install.json.gz	649b482a7798237355dedc187489e5fe5cc356711a9d1e59b840a5640fe6a4fb	197f4d61481686	5	2	3262717200	pre-install	917446	C:\Users\erche\bitburner-backups\LIVE_197f4d61481686_BN5L2_2026-09-26T12-53_pre-install.json.gz	C:\Users\erche\Desktop\claude_projecto\bitburner\backups\LIVE_197f4d61481686_BN5L2_2026-09-26T12-53_pre-install.json.gz
2026-09-26T11:04:44.602Z	LIVE_197f4d61481686_BN5L2_2026-09-26T13-04_hourly.json.gz	5119746650ac98b6eae58a5d6488d9888708166a4249bc4efc6b14a0f03d9096	197f4d61481686	5	2	3263377200	hourly	891295	C:\Users\erche\bitburner-backups\LIVE_197f4d61481686_BN5L2_2026-09-26T13-04_hourly.json.gz	C:\Users\erche\Desktop\claude_projecto\bitburner\backups\LIVE_197f4d61481686_BN5L2_2026-09-26T13-04_hourly.json.gz
2026-09-26T12:04:45.026Z	LIVE_197f4d61481686_BN5L2_2026-09-26T14-04_hourly.json.gz	474dab27153c3c08f19becc0091e5a2bdc4821ca88c95855bea8f3ceab11be06	197f4d61481686	5	2	3266977600	hourly	925289	C:\Users\erche\bitburner-backups\LIVE_197f4d61481686_BN5L2_2026-09-26T14-04_hourly.json.gz	C:\Users\erche\Desktop\claude_projecto\bitburner\backups\LIVE_197f4d61481686_BN5L2_2026-09-26T14-04_hourly.json.gz
2026-09-26T13:04:45.532Z	LIVE_197f4d61481686_BN5L2_2026-09-26T15-04_hourly.json.gz	206f192b88614e2c8739ce031ae8f0a8a49dab05bd3cbb3234a1eb17dd7a11f2	197f4d61481686	5	2	3270578200	hourly	931699	C:\Users\erche\bitburner-backups\LIVE_197f4d61481686_BN5L2_2026-09-26T15-04_hourly.json.gz	C:\Users\erche\Desktop\claude_projecto\bitburner\backups\LIVE_197f4d61481686_BN5L2_2026-09-26T15-04_hourly.json.gz
2026-09-26T13:12:45.595Z	LIVE_197f4d61481686_BN5L2_2026-09-26T15-12_pre-install.json.gz	bebe73a0ef506eaf68056e5857943c973f7f89e7fc676211185784f556fdcd3d	197f4d61481686	5	2	3271058200	pre-install	931915	C:\Users\erche\bitburner-backups\LIVE_197f4d61481686_BN5L2_2026-09-26T15-12_pre-install.json.gz	C:\Users\erche\Desktop\claude_projecto\bitburner\backups\LIVE_197f4d61481686_BN5L2_2026-09-26T15-12_pre-install.json.gz
2026-09-26T14:04:46.021Z	LIVE_197f4d61481686_BN5L2_2026-09-26T16-04_hourly.json.gz	a2e88b5de8548fb86db59de819ccd9ecc6fc1147bc24afdee27800479da65bc1	197f4d61481686	5	2	3274178600	hourly	924643	C:\Users\erche\bitburner-backups\LIVE_197f4d61481686_BN5L2_2026-09-26T16-04_hourly.json.gz	C:\Users\erche\Desktop\claude_projecto\bitburner\backups\LIVE_197f4d61481686_BN5L2_2026-09-26T16-04_hourly.json.gz
2026-09-26T14:37:46.221Z	LIVE_197f4d61481686_BN5L2_2026-09-26T16-37_pre-install.json.gz	fd0b5344d4b63a4f60918cd9823d5a206af7deb7b323a6364d4368d7cd1de678	197f4d61481686	5	2	3276158800	pre-install	960533	C:\Users\erche\bitburner-backups\LIVE_197f4d61481686_BN5L2_2026-09-26T16-37_pre-install.json.gz	C:\Users\erche\Desktop\claude_projecto\bitburner\backups\LIVE_197f4d61481686_BN5L2_2026-09-26T16-37_pre-install.json.gz
2026-09-26T14:57:46.381Z	LIVE_197f4d61481686_BN5L2_2026-09-26T16-57_pre-install.json.gz	4bf1ad0c86c72565b3db09be1e98164ac6a8dbd0b9f4e2588113018930c0fe2b	197f4d61481686	5	2	3277359000	pre-install	902627	C:\Users\erche\bitburner-backups\LIVE_197f4d61481686_BN5L2_2026-09-26T16-57_pre-install.json.gz	C:\Users\erche\Desktop\claude_projecto\bitburner\backups\LIVE_197f4d61481686_BN5L2_2026-09-26T16-57_pre-install.json.gz
2026-09-26T15:04:46.489Z	LIVE_197f4d61481686_BN5L2_2026-09-26T17-04_hourly.json.gz	157832c23f4e56968d78af5c6b3e201218963714ae3c83d47f4eec3d9390ebeb	197f4d61481686	5	2	3277779200	hourly	956224	C:\Users\erche\bitburner-backups\LIVE_197f4d61481686_BN5L2_2026-09-26T17-04_hourly.json.gz	C:\Users\erche\Desktop\claude_projecto\bitburner\backups\LIVE_197f4d61481686_BN5L2_2026-09-26T17-04_hourly.json.gz
2026-09-26T15:19:46.566Z	LIVE_197f4d61481686_BN5L2_2026-09-26T17-19_pre-install.json.gz	d6aa339f8b3ebd43f8b9aed51b913a692a39814bec468cff289595642d633d6a	197f4d61481686	5	2	3278679200	pre-install	964519	C:\Users\erche\bitburner-backups\LIVE_197f4d61481686_BN5L2_2026-09-26T17-19_pre-install.json.gz	C:\Users\erche\Desktop\claude_projecto\bitburner\backups\LIVE_197f4d61481686_BN5L2_2026-09-26T17-19_pre-install.json.gz
2026-09-26T16:04:46.917Z	LIVE_197f4d61481686_BN5L2_2026-09-26T18-04_hourly.json.gz	51d0744b54c85d0451025acdd44c627daa5fdb7678ab51c0d6101c4c7f0bd2e4	197f4d61481686	5	2	3281379600	hourly	968228	C:\Users\erche\bitburner-backups\LIVE_197f4d61481686_BN5L2_2026-09-26T18-04_hourly.json.gz	C:\Users\erche\Desktop\claude_projecto\bitburner\backups\LIVE_197f4d61481686_BN5L2_2026-09-26T18-04_hourly.json.gz
2026-09-26T16:56:47.300Z	LIVE_197f4d61481686_BN5L2_2026-09-26T18-56_pre-install.json.gz	f5f57ae9f442552cf267bb49ec169fc637610f2fe17793fb5a69b4e96070897d	197f4d61481686	5	2	3284500000	pre-install	965928	C:\Users\erche\bitburner-backups\LIVE_197f4d61481686_BN5L2_2026-09-26T18-56_pre-install.json.gz	C:\Users\erche\Desktop\claude_projecto\bitburner\backups\LIVE_197f4d61481686_BN5L2_2026-09-26T18-56_pre-install.json.gz
2026-09-26T17:03:47.352Z	LIVE_197f4d61481686_BN5L2_2026-09-26T19-03_pre-install.json.gz	ceb3850877c7b567e8242fa6436b0ba81a73e020da55329e5cb5df60f5b29b71	197f4d61481686	5	2	3284920000	pre-install	959841	C:\Users\erche\bitburner-backups\LIVE_197f4d61481686_BN5L2_2026-09-26T19-03_pre-install.json.gz	C:\Users\erche\Desktop\claude_projecto\bitburner\backups\LIVE_197f4d61481686_BN5L2_2026-09-26T19-03_pre-install.json.gz
2026-09-26T17:04:47.361Z	LIVE_197f4d61481686_BN5L2_2026-09-26T19-04_hourly.json.gz	3eb4223954abdea1751517730480aa7d9e3810c7a33b9fbab822a859aa60a57d	197f4d61481686	5	2	3284980000	hourly	941092	C:\Users\erche\bitburner-backups\LIVE_197f4d61481686_BN5L2_2026-09-26T19-04_hourly.json.gz	C:\Users\erche\Desktop\claude_projecto\bitburner\backups\LIVE_197f4d61481686_BN5L2_2026-09-26T19-04_hourly.json.gz
2026-09-26T17:18:47.463Z	LIVE_197f4d61481686_BN5L2_2026-09-26T19-18_pre-install.json.gz	aa4484d8dbd04b0e784dc7816d285326d133f6e99e486f02fe63cfd09d1f092e	197f4d61481686	5	2	3285820200	pre-install	964332	C:\Users\erche\bitburner-backups\LIVE_197f4d61481686_BN5L2_2026-09-26T19-18_pre-install.json.gz	C:\Users\erche\Desktop\claude_projecto\bitburner\backups\LIVE_197f4d61481686_BN5L2_2026-09-26T19-18_pre-install.json.gz
2026-09-26T18:04:47.782Z	LIVE_197f4d61481686_BN5L2_2026-09-26T20-04_hourly.json.gz	4e99dacd0a761387b1b448cb33f8b7db4a1315233ad18c21ad87dbd53e4b21d6	197f4d61481686	5	2	3288580400	hourly	900905	C:\Users\erche\bitburner-backups\LIVE_197f4d61481686_BN5L2_2026-09-26T20-04_hourly.json.gz	C:\Users\erche\Desktop\claude_projecto\bitburner\backups\LIVE_197f4d61481686_BN5L2_2026-09-26T20-04_hourly.json.gz
